{
  "use_reaction_diffusion": true,
  "use_feedback": true,
  "use_polar": true,
  "use_abs": true,
  "use_sin": false,
  "use_cos": false,
  "use_xor": false,
  "use_cellular": false,
  "use_domain_warp": false,
  "use_sinusoidal_field": false,
  "use_noise": false,
  "use_power": false,
  "use_voronoi": false,
  "wave1_freq": 5.8,
  "wave2_freq": 3.14,
  "wave1_mult": 238.38766411472048,
  "wave1_translate_x": 39.79726644075308,
  "wave1_translate_y": -83.6888675494543,
  "time_speed": 0.21861025605215523,
  "time_translate_x": -8.165417748183756,
  "time_translate_y": 14.40259170402993,
  "time_warp_factor": 0.8144845983857754,
  "xor_strength": 0.8563941362766334,
  "xor_translate_x": 0.2888080251481661,
  "xor_translate_y": 0.29975163998464305,
  "xor_translate_range": 26.195315165701622,
  "xor_morph_speed": 0.3778356969909875,
  "cellular_scale": 14.046366567635099,
  "cellular_time_translate": 0.47010763724215554,
  "domain_warp_strength": 37.40474395408301,
  "domain_warp_time_factor": 0.9681728157767575,
  "color_hue_segments": 1.7314765227963134,
  "color_red_mult": 1.6,
  "color_green_mult": 0.9,
  "color_blue_mult": 1.3,
  "color_phase_red": 346.6610066638093,
  "color_phase_green": 151.28799512328956,
  "color_phase_blue": 37.98181414264156,
  "color_saturation": 1.96142464673793,
  "color_power": 1.2569576746210658,
  "polar_strength": 0.9918518145492095,
  "polar_freq_r": 0.1,
  "polar_freq_theta": 8,
  "polar_rotation_speed": 0.410011292317056,
  "polar_orbit_speed_x": -0.16959112413665267,
  "polar_orbit_speed_y": 0.04792879263123828,
  "polar_orbit_range": 84.51983036451031,
  "polar_time_factor": 0.599620335305256,
  "polar_theta_harmonics": 2.761019117023264,
  "polar_spiral_factor": 0.000781072867064702,
  "polar_spiral_freq": 3.213836548172508,
  "polar_spiral_speed": 0.6557325035717123,
  "noise_strength": 0.8041879639413606,
  "noise_scale": 0.005168473852166441,
  "noise_time_speed": 0.513940087631554,
  "noise_octaves": 5,
  "abs_strength": 0.7060113759099207,
  "abs_freq_x": 0.1,
  "abs_freq_y": 0.05,
  "abs_freq_xy": 0.05,
  "abs_time_speed": 0.814569023971375,
  "power_strength": 0.6020119084304534,
  "power_exponent": 1.9851300674034704,
  "power_freq_x": 0.05,
  "power_freq_y": 0.01,
  "power_time_speed": 0.5164373483641718,
  "power_exp_mod_freq": 0.33181084688888707,
  "feedback_strength": 0.9512623740315554,
  "feedback_decay": 0.8526306909828953,
  "feedback_zoom_speed": 2.6302370073412638,
  "feedback_zoom_freq": 0.16019665292184965,
  "feedback_zoom_amp": 0.0265355988619168,
  "feedback_rotation_speed": -0.012249617099847218,
  "feedback_pan_x_speed": 0.08763380099716689,
  "feedback_pan_y_speed": 0.28896857068321047,
  "feedback_pan_range": 51.98845404517896,
  "feedback_mod_freq": 0.04721425959308008,
  "feedback_color_shift": 0.050815168860920024,
  "voronoi_points": 11,
  "voronoi_strength": 0.5158841133775889,
  "voronoi_scale": 0.052731389703433384,
  "sinusoidal_a_freq": 3.141,
  "sinusoidal_b_freq": 2.449,
  "sinusoidal_phase": 8.52313573420004,
  "sinusoidal_strength": 0.8145411197547032,
  "sinusoidal_time_speed": 0.3762666086939523,
  "sinusoidal_phase_speed_ratio": 1.1913237628426994,
  "sinusoidal_scale": 38.00848605482546,
  "sinusoidal_freq_mod_depth": 0.2665417441070014,
  "sinusoidal_freq_mod_speed": 0.2742846621589461,
  "sinusoidal_amplitude_mod": 0.5637283485062229,
  "sinusoidal_harmonics": 3,
  "sinusoidal_harmonic_decay": 0.5622124696086654,
  "sinusoidal_x_scale": 0.9233751464714478,
  "sinusoidal_y_scale": 0.9838645986668781,
  "sinusoidal_rotation_speed": 0.12334606368286055,
  "reaction_diffusion_diffusion_a": 1.0,
  "reaction_diffusion_diffusion_b": 0.5,
  "reaction_diffusion_feed_rate": 0.055,
  "reaction_diffusion_kill_rate": 0.062,
  "reaction_diffusion_dt": 0.02,
  "reaction_diffusion_scale": 0.7,
  "function_order": [
    "use_reaction_diffusion",
    "use_polar",
    "use_abs",
    "use_feedback"
  ]
}