{
  "use_polar": true,
  "use_feedback": true,
  "use_domain_warp": true,
  "use_power": true,
  "use_sin": false,
  "use_cos": false,
  "use_xor": false,
  "use_reaction_diffusion": false,
  "use_cellular": false,
  "use_sinusoidal_field": false,
  "use_noise": false,
  "use_abs": false,
  "use_voronoi": false,
  "wave1_freq": 4.2,
  "wave2_freq": 3.14,
  "wave1_mult": 112.12714787343006,
  "wave1_translate_x": 4.922456410953629,
  "wave1_translate_y": -31.908182841698647,
  "time_speed": 2.906810308442204,
  "time_translate_x": -0.6355748884799723,
  "time_translate_y": 21.03502457568092,
  "time_warp_factor": 1.5792586640741944,
  "xor_strength": 1.192631122085456,
  "xor_translate_x": 0.7786411557541522,
  "xor_translate_y": 0.9195793488139601,
  "xor_translate_range": 50.5164636025225,
  "xor_morph_speed": 0.1411394874336431,
  "cellular_scale": 5.857684436830496,
  "cellular_time_translate": 1.7705282932304969,
  "domain_warp_strength": 59.61152848021581,
  "domain_warp_time_factor": 1.0008322557149079,
  "color_hue_segments": 1.2122578520753355,
  "color_red_mult": 1.3,
  "color_green_mult": 1.5,
  "color_blue_mult": 1.1,
  "color_phase_red": 256.4796072298699,
  "color_phase_green": 151.9351227880784,
  "color_phase_blue": 153.79766357032693,
  "color_saturation": 1.2045138597744733,
  "color_power": 1.3880642391041038,
  "polar_strength": 0.7594017860856725,
  "polar_freq_r": 0.1,
  "polar_freq_theta": 2,
  "polar_rotation_speed": 0.154556636469537,
  "polar_orbit_speed_x": -0.16907396840528702,
  "polar_orbit_speed_y": -0.06976075001517754,
  "polar_orbit_range": 130.65574180614146,
  "polar_time_factor": 1.4415048945457756,
  "polar_theta_harmonics": 3.915413328874158,
  "polar_spiral_factor": 0.0029705938908913794,
  "polar_spiral_freq": 2.360701461478393,
  "polar_spiral_speed": 1.0697393173049676,
  "noise_strength": 0.7765091328541147,
  "noise_scale": 0.006595000663296194,
  "noise_time_speed": 0.7782645819409393,
  "noise_octaves": 4,
  "abs_strength": 0.8605993727837205,
  "abs_freq_x": 0.02,
  "abs_freq_y": 0.1,
  "abs_freq_xy": 0.01,
  "abs_time_speed": 0.3987182488580393,
  "power_strength": 0.8829331575234743,
  "power_exponent": 2.2536909323269922,
  "power_freq_x": 0.1,
  "power_freq_y": 0.1,
  "power_time_speed": 1.5313828074158686,
  "power_exp_mod_freq": 0.4180921854771338,
  "feedback_strength": 0.9528367753203819,
  "feedback_decay": 0.8322713974392583,
  "feedback_zoom_speed": 3.7685223794933065,
  "feedback_zoom_freq": 0.11304913018478037,
  "feedback_zoom_amp": 0.07812153317320547,
  "feedback_rotation_speed": -0.058519765084575015,
  "feedback_pan_x_speed": 0.4070668930970219,
  "feedback_pan_y_speed": 0.46692352194398046,
  "feedback_pan_range": 30.80867217200954,
  "feedback_mod_freq": 0.06452609303750012,
  "feedback_color_shift": -0.09834472338589584,
  "voronoi_points": 7,
  "voronoi_strength": 0.5487361349568701,
  "voronoi_scale": 0.09403638095865537,
  "sinusoidal_a_freq": 2.414,
  "sinusoidal_b_freq": 3.414,
  "sinusoidal_phase": 2.729343106400413,
  "sinusoidal_strength": 0.9807276630853439,
  "sinusoidal_time_speed": 0.5927605095139439,
  "sinusoidal_phase_speed_ratio": 2.03167248152048,
  "sinusoidal_scale": 37.961371684919655,
  "sinusoidal_freq_mod_depth": 0.3256084559934697,
  "sinusoidal_freq_mod_speed": 0.10258805470641132,
  "sinusoidal_amplitude_mod": 0.6603490082693082,
  "sinusoidal_harmonics": 5,
  "sinusoidal_harmonic_decay": 0.699451501453264,
  "sinusoidal_x_scale": 1.1158248501291932,
  "sinusoidal_y_scale": 0.7917143843309928,
  "sinusoidal_rotation_speed": -0.07588325693710624,
  "reaction_diffusion_diffusion_a": 1.0,
  "reaction_diffusion_diffusion_b": 0.5,
  "reaction_diffusion_feed_rate": 0.055,
  "reaction_diffusion_kill_rate": 0.062,
  "reaction_diffusion_dt": 0.02,
  "reaction_diffusion_scale": 0.7,
  "function_order": [
    "use_domain_warp",
    "use_feedback",
    "use_polar",
    "use_power"
  ]
}