{
  "use_feedback": true,
  "use_power": true,
  "use_abs": true,
  "use_cellular": true,
  "use_sin": false,
  "use_cos": false,
  "use_xor": false,
  "use_reaction_diffusion": false,
  "use_domain_warp": false,
  "use_polar": false,
  "use_sinusoidal_field": false,
  "use_noise": false,
  "use_voronoi": false,
  "wave1_freq": 5.8,
  "wave2_freq": 4.2,
  "wave1_mult": 243.75242342663233,
  "wave1_translate_x": -13.870720263141664,
  "wave1_translate_y": -56.573894175376374,
  "time_speed": 0.21789313225677476,
  "time_translate_x": 16.88432642292571,
  "time_translate_y": 17.988614732788747,
  "time_warp_factor": 0.7835692058254191,
  "xor_strength": 0.9352005446854027,
  "xor_translate_x": 1.241097744696482,
  "xor_translate_y": 0.28901486879699734,
  "xor_translate_range": 55.31704388531885,
  "xor_morph_speed": 0.2495081329008928,
  "cellular_scale": 6.298497935450652,
  "cellular_time_translate": -0.678131614798354,
  "domain_warp_strength": 24.509109404244704,
  "domain_warp_time_factor": 1.367868182334746,
  "color_hue_segments": 1.9614504284028325,
  "color_red_mult": 1.0,
  "color_green_mult": 1.4,
  "color_blue_mult": 0.8,
  "color_phase_red": 107.1981393745884,
  "color_phase_green": 107.55699853288284,
  "color_phase_blue": 320.5907235658819,
  "color_saturation": 1.8737463108956525,
  "color_power": 1.1967740532203996,
  "polar_strength": 1.1916405297106052,
  "polar_freq_r": 0.01,
  "polar_freq_theta": 8,
  "polar_rotation_speed": 0.11887337589024727,
  "polar_orbit_speed_x": 0.28211838814537676,
  "polar_orbit_speed_y": -0.006287975598148199,
  "polar_orbit_range": 51.691235012400604,
  "polar_time_factor": 1.0863392883141463,
  "polar_theta_harmonics": 3.7694176526639938,
  "polar_spiral_factor": -0.0022852497366828927,
  "polar_spiral_freq": 6.045071864003856,
  "polar_spiral_speed": 0.9071354553901259,
  "noise_strength": 0.7290890888979713,
  "noise_scale": 0.017289608609158673,
  "noise_time_speed": 0.7632309096673643,
  "noise_octaves": 5,
  "abs_strength": 0.9853470572731533,
  "abs_freq_x": 0.01,
  "abs_freq_y": 0.1,
  "abs_freq_xy": 0.05,
  "abs_time_speed": 0.3911318826999091,
  "power_strength": 0.9071042251213638,
  "power_exponent": 1.2550615481721943,
  "power_freq_x": 0.05,
  "power_freq_y": 0.05,
  "power_time_speed": 0.7512736901514347,
  "power_exp_mod_freq": 0.2854530201398636,
  "feedback_strength": 0.976140381744418,
  "feedback_decay": 0.6866098914914365,
  "feedback_zoom_speed": 3.968177281080165,
  "feedback_zoom_freq": 0.26023830070683135,
  "feedback_zoom_amp": 0.11586602766580606,
  "feedback_rotation_speed": -0.026813482880910497,
  "feedback_pan_x_speed": 0.4247999783150468,
  "feedback_pan_y_speed": 0.3231567785596202,
  "feedback_pan_range": 45.31441621270372,
  "feedback_mod_freq": 0.0943448830214872,
  "feedback_color_shift": 0.05766330520290261,
  "voronoi_points": 8,
  "voronoi_strength": 0.5375131539984682,
  "voronoi_scale": 0.08219513017684021,
  "sinusoidal_a_freq": 2.414,
  "sinusoidal_b_freq": 5.236,
  "sinusoidal_phase": 12.566370614359172,
  "sinusoidal_strength": 0.8215114424149569,
  "sinusoidal_time_speed": 0.7793723414475878,
  "sinusoidal_phase_speed_ratio": 2.238371114973449,
  "sinusoidal_scale": 25.159045385848497,
  "sinusoidal_freq_mod_depth": 0.10294734630889499,
  "sinusoidal_freq_mod_speed": 0.2495862637513313,
  "sinusoidal_amplitude_mod": 0.6781387485126871,
  "sinusoidal_harmonics": 3,
  "sinusoidal_harmonic_decay": 0.5371483497568639,
  "sinusoidal_x_scale": 0.5581742868661235,
  "sinusoidal_y_scale": 0.847779991341913,
  "sinusoidal_rotation_speed": 0.1775295125542738,
  "reaction_diffusion_diffusion_a": 1.0,
  "reaction_diffusion_diffusion_b": 0.5,
  "reaction_diffusion_feed_rate": 0.055,
  "reaction_diffusion_kill_rate": 0.062,
  "reaction_diffusion_dt": 0.02,
  "reaction_diffusion_scale": 0.7,
  "function_order": [
    "use_feedback",
    "use_power",
    "use_abs",
    "use_cellular"
  ]
}